ID_MUNZONA,NM_MUNICIPIO,NR_ZONA,DS_GENERO,DS_ESTADO_CIVIL,DS_FAIXA_ETARIA,DS_GRAU_ESCOLARIDADE
ACEGUÁ_7,ACEGUÁ,7,FEMININO,SOLTEIRO,35 a 39 anos,ENSINO FUNDAMENTAL INCOMPLETO
AGUDO_119,AGUDO,119,FEMININO,SOLTEIRO,35 a 39 anos,ENSINO FUNDAMENTAL INCOMPLETO
AJURICABA_23,AJURICABA,23,FEMININO,CASADO,55 a 59 anos,ENSINO FUNDAMENTAL INCOMPLETO
ALECRIM_102,ALECRIM,102,MASCULINO,CASADO,55 a 59 anos,ENSINO FUNDAMENTAL INCOMPLETO
ALEGRETE_5,ALEGRETE,5,FEMININO,SOLTEIRO,35 a 39 anos,ENSINO FUNDAMENTAL INCOMPLETO
ALEGRIA_89,ALEGRIA,89,MASCULINO,CASADO,55 a 59 anos,ENSINO FUNDAMENTAL INCOMPLETO
ALMIRANTE TAMANDARÉ DO SUL_15,ALMIRANTE TAMANDARÉ DO SUL,15,MASCULINO,CASADO,50 a 54 anos,ENSINO FUNDAMENTAL INCOMPLETO
ALPESTRE_144,ALPESTRE,144,MASCULINO,CASADO,55 a 59 anos,ENSINO FUNDAMENTAL INCOMPLETO
ALTO ALEGRE_4,ALTO ALEGRE,4,MASCULINO,CASADO,50 a 54 anos,ENSINO FUNDAMENTAL INCOMPLETO
ALTO FELIZ_165,ALTO FELIZ,165,MASCULINO,CASADO,50 a 54 anos,ENSINO FUNDAMENTAL INCOMPLETO
ALVORADA_124,ALVORADA,124,FEMININO,SOLTEIRO,25 a 29 anos,ENSINO FUNDAMENTAL INCOMPLETO
ALVORADA_74,ALVORADA,74,FEMININO,SOLTEIRO,25 a 29 anos,ENSINO MÉDIO COMPLETO
AMARAL FERRADOR_19,AMARAL FERRADOR,19,MASCULINO,CASADO,25 a 29 anos,ENSINO FUNDAMENTAL INCOMPLETO
AMETISTA DO SUL_64,AMETISTA DO SUL,64,FEMININO,CASADO,35 a 39 anos,ENSINO FUNDAMENTAL INCOMPLETO
ANDRÉ DA ROCHA_75,ANDRÉ DA ROCHA,75,MASCULINO,SOLTEIRO,55 a 59 anos,ENSINO FUNDAMENTAL INCOMPLETO
ANTA GORDA_145,ANTA GORDA,145,MASCULINO,CASADO,55 a 59 anos,ENSINO FUNDAMENTAL INCOMPLETO
ANTÔNIO PRADO_6,ANTÔNIO PRADO,6,FEMININO,CASADO,55 a 59 anos,ENSINO FUNDAMENTAL INCOMPLETO
ARAMBARÉ_12,ARAMBARÉ,12,FEMININO,SOLTEIRO,55 a 59 anos,ENSINO FUNDAMENTAL INCOMPLETO
ARARICÁ_131,ARARICÁ,131,FEMININO,SOLTEIRO,35 a 39 anos,ENSINO FUNDAMENTAL INCOMPLETO
ARATIBA_20,ARATIBA,20,MASCULINO,CASADO,55 a 59 anos,ENSINO FUNDAMENTAL INCOMPLETO
ARROIO DO MEIO_104,ARROIO DO MEIO,104,FEMININO,SOLTEIRO,30 a 34 anos,ENSINO FUNDAMENTAL INCOMPLETO
ARROIO DO PADRE_34,ARROIO DO PADRE,34,MASCULINO,CASADO,35 a 39 anos,ENSINO FUNDAMENTAL INCOMPLETO
ARROIO DO SAL_85,ARROIO DO SAL,85,FEMININO,SOLTEIRO,55 a 59 anos,ENSINO FUNDAMENTAL INCOMPLETO
ARROIO DO TIGRE_154,ARROIO DO TIGRE,154,FEMININO,SOLTEIRO,35 a 39 anos,ENSINO FUNDAMENTAL INCOMPLETO
ARROIO DOS RATOS_50,ARROIO DOS RATOS,50,FEMININO,SOLTEIRO,35 a 39 anos,ENSINO FUNDAMENTAL INCOMPLETO
ARROIO GRANDE_92,ARROIO GRANDE,92,FEMININO,SOLTEIRO,35 a 39 anos,ENSINO FUNDAMENTAL INCOMPLETO
ARVOREZINHA_145,ARVOREZINHA,145,FEMININO,SOLTEIRO,25 a 29 anos,ENSINO FUNDAMENTAL INCOMPLETO
AUGUSTO PESTANA_155,AUGUSTO PESTANA,155,FEMININO,CASADO,55 a 59 anos,ENSINO FUNDAMENTAL INCOMPLETO
BAGÉ_142,BAGÉ,142,FEMININO,SOLTEIRO,25 a 29 anos,ENSINO FUNDAMENTAL INCOMPLETO
BAGÉ_7,BAGÉ,7,FEMININO,SOLTEIRO,35 a 39 anos,ENSINO FUNDAMENTAL INCOMPLETO
BALNEÁRIO PINHAL_110,BALNEÁRIO PINHAL,110,FEMININO,SOLTEIRO,60 a 64 anos,ENSINO FUNDAMENTAL INCOMPLETO
BARRA DO GUARITA_101,BARRA DO GUARITA,101,MASCULINO,SOLTEIRO,30 a 34 anos,ENSINO FUNDAMENTAL INCOMPLETO
BARRA DO QUARAÍ_57,BARRA DO QUARAÍ,57,FEMININO,SOLTEIRO,25 a 29 anos,ENSINO FUNDAMENTAL INCOMPLETO
BARRA DO RIBEIRO_151,BARRA DO RIBEIRO,151,FEMININO,SOLTEIRO,25 a 29 anos,ENSINO FUNDAMENTAL INCOMPLETO
BARRA DO RIO AZUL_20,BARRA DO RIO AZUL,20,MASCULINO,CASADO,55 a 59 anos,ENSINO FUNDAMENTAL INCOMPLETO
BARRA FUNDA_83,BARRA FUNDA,83,MASCULINO,CASADO,30 a 34 anos,ENSINO FUNDAMENTAL INCOMPLETO
BARRACÃO_103,BARRACÃO,103,MASCULINO,SOLTEIRO,30 a 34 anos,ENSINO FUNDAMENTAL INCOMPLETO
BARROS CASSAL_54,BARROS CASSAL,54,MASCULINO,SOLTEIRO,25 a 29 anos,ENSINO FUNDAMENTAL INCOMPLETO
BARÃO DE COTEGIPE_148,BARÃO DE COTEGIPE,148,MASCULINO,CASADO,55 a 59 anos,ENSINO FUNDAMENTAL INCOMPLETO
BARÃO DO TRIUNFO_50,BARÃO DO TRIUNFO,50,MASCULINO,CASADO,45 a 49 anos,ENSINO FUNDAMENTAL INCOMPLETO
BARÃO_152,BARÃO,152,MASCULINO,CASADO,35 a 39 anos,ENSINO FUNDAMENTAL INCOMPLETO
BENJAMIN CONSTANT DO SUL_168,BENJAMIN CONSTANT DO SUL,168,MASCULINO,SOLTEIRO,21 a 24 anos,ENSINO FUNDAMENTAL INCOMPLETO
BENTO GONÇALVES_8,BENTO GONÇALVES,8,FEMININO,SOLTEIRO,35 a 39 anos,ENSINO FUNDAMENTAL INCOMPLETO
BOA VISTA DAS MISSÕES_32,BOA VISTA DAS MISSÕES,32,FEMININO,SOLTEIRO,25 a 29 anos,ENSINO FUNDAMENTAL INCOMPLETO
BOA VISTA DO BURICÁ_89,BOA VISTA DO BURICÁ,89,FEMININO,CASADO,50 a 54 anos,ENSINO FUNDAMENTAL INCOMPLETO
BOA VISTA DO CADEADO_17,BOA VISTA DO CADEADO,17,MASCULINO,CASADO,50 a 54 anos,ENSINO FUNDAMENTAL INCOMPLETO
BOA VISTA DO INCRA_17,BOA VISTA DO INCRA,17,FEMININO,CASADO,50 a 54 anos,ENSINO FUNDAMENTAL INCOMPLETO
BOA VISTA DO SUL_98,BOA VISTA DO SUL,98,MASCULINO,CASADO,50 a 54 anos,ENSINO FUNDAMENTAL INCOMPLETO
BOM JESUS_63,BOM JESUS,63,FEMININO,SOLTEIRO,25 a 29 anos,ENSINO FUNDAMENTAL INCOMPLETO
BOM PRINCÍPIO_11,BOM PRINCÍPIO,11,FEMININO,SOLTEIRO,35 a 39 anos,ENSINO FUNDAMENTAL INCOMPLETO
BOM PROGRESSO_86,BOM PROGRESSO,86,FEMININO,SOLTEIRO,25 a 29 anos,ENSINO FUNDAMENTAL INCOMPLETO
BOM RETIRO DO SUL_21,BOM RETIRO DO SUL,21,FEMININO,CASADO,35 a 39 anos,ENSINO FUNDAMENTAL INCOMPLETO
BOQUEIRÃO DO LEÃO_93,BOQUEIRÃO DO LEÃO,93,MASCULINO,SOLTEIRO,35 a 39 anos,ENSINO FUNDAMENTAL INCOMPLETO
BOSSOROCA_52,BOSSOROCA,52,MASCULINO,SOLTEIRO,55 a 59 anos,ENSINO FUNDAMENTAL INCOMPLETO
BOZANO_23,BOZANO,23,FEMININO,CASADO,25 a 29 anos,ENSINO FUNDAMENTAL INCOMPLETO
BRAGA_140,BRAGA,140,FEMININO,SOLTEIRO,25 a 29 anos,ENSINO FUNDAMENTAL INCOMPLETO
BROCHIER_31,BROCHIER,31,MASCULINO,CASADO,50 a 54 anos,ENSINO FUNDAMENTAL INCOMPLETO
BUTIÁ_116,BUTIÁ,116,FEMININO,SOLTEIRO,55 a 59 anos,ENSINO FUNDAMENTAL INCOMPLETO
CACEQUI_69,CACEQUI,69,FEMININO,SOLTEIRO,55 a 59 anos,ENSINO FUNDAMENTAL INCOMPLETO
CACHOEIRA DO SUL_10,CACHOEIRA DO SUL,10,FEMININO,SOLTEIRO,35 a 39 anos,ENSINO FUNDAMENTAL INCOMPLETO
CACHOEIRINHA_143,CACHOEIRINHA,143,FEMININO,SOLTEIRO,35 a 39 anos,ENSINO FUNDAMENTAL INCOMPLETO
CACIQUE DOBLE_103,CACIQUE DOBLE,103,MASCULINO,SOLTEIRO,25 a 29 anos,ENSINO FUNDAMENTAL INCOMPLETO
CAIBATÉ_52,CAIBATÉ,52,FEMININO,CASADO,55 a 59 anos,ENSINO FUNDAMENTAL INCOMPLETO
CAIÇARA_94,CAIÇARA,94,MASCULINO,CASADO,60 a 64 anos,ENSINO FUNDAMENTAL INCOMPLETO
CAMAQUÃ_12,CAMAQUÃ,12,FEMININO,SOLTEIRO,35 a 39 anos,ENSINO FUNDAMENTAL INCOMPLETO
CAMARGO_62,CAMARGO,62,MASCULINO,CASADO,55 a 59 anos,ENSINO FUNDAMENTAL INCOMPLETO
CAMBARÁ DO SUL_48,CAMBARÁ DO SUL,48,MASCULINO,SOLTEIRO,30 a 34 anos,ENSINO FUNDAMENTAL INCOMPLETO
CAMPESTRE DA SERRA_58,CAMPESTRE DA SERRA,58,MASCULINO,CASADO,50 a 54 anos,ENSINO FUNDAMENTAL INCOMPLETO
CAMPINA DAS MISSÕES_166,CAMPINA DAS MISSÕES,166,MASCULINO,CASADO,55 a 59 anos,ENSINO FUNDAMENTAL INCOMPLETO
CAMPINAS DO SUL_148,CAMPINAS DO SUL,148,FEMININO,CASADO,25 a 29 anos,ENSINO FUNDAMENTAL INCOMPLETO
CAMPO BOM_105,CAMPO BOM,105,FEMININO,SOLTEIRO,35 a 39 anos,ENSINO FUNDAMENTAL INCOMPLETO
CAMPO NOVO_140,CAMPO NOVO,140,FEMININO,SOLTEIRO,25 a 29 anos,ENSINO FUNDAMENTAL INCOMPLETO
CAMPOS BORGES_4,CAMPOS BORGES,4,MASCULINO,CASADO,35 a 39 anos,ENSINO FUNDAMENTAL INCOMPLETO
CANDELÁRIA_13,CANDELÁRIA,13,FEMININO,SOLTEIRO,35 a 39 anos,ENSINO FUNDAMENTAL INCOMPLETO
CANDIOTA_142,CANDIOTA,142,MASCULINO,SOLTEIRO,35 a 39 anos,ENSINO FUNDAMENTAL INCOMPLETO
CANELA_65,CANELA,65,FEMININO,SOLTEIRO,35 a 39 anos,ENSINO FUNDAMENTAL INCOMPLETO
CANGUÇU_14,CANGUÇU,14,MASCULINO,CASADO,35 a 39 anos,ENSINO FUNDAMENTAL INCOMPLETO
CANOAS_134,CANOAS,134,FEMININO,SOLTEIRO,35 a 39 anos,ENSINO MÉDIO COMPLETO
CANOAS_66,CANOAS,66,FEMININO,SOLTEIRO,35 a 39 anos,ENSINO MÉDIO COMPLETO
CANUDOS DO VALE_29,CANUDOS DO VALE,29,MASCULINO,CASADO,35 a 39 anos,ENSINO FUNDAMENTAL INCOMPLETO
CAPELA DE SANTANA_11,CAPELA DE SANTANA,11,FEMININO,SOLTEIRO,35 a 39 anos,ENSINO FUNDAMENTAL INCOMPLETO
CAPITÃO_104,CAPITÃO,104,MASCULINO,SOLTEIRO,30 a 34 anos,ENSINO FUNDAMENTAL INCOMPLETO
CAPIVARI DO SUL_156,CAPIVARI DO SUL,156,MASCULINO,SOLTEIRO,50 a 54 anos,ENSINO FUNDAMENTAL INCOMPLETO
CAPÃO BONITO DO SUL_28,CAPÃO BONITO DO SUL,28,MASCULINO,SOLTEIRO,35 a 39 anos,ENSINO FUNDAMENTAL INCOMPLETO
CAPÃO DA CANOA_150,CAPÃO DA CANOA,150,FEMININO,SOLTEIRO,35 a 39 anos,ENSINO FUNDAMENTAL INCOMPLETO
CAPÃO DO CIPÓ_44,CAPÃO DO CIPÓ,44,MASCULINO,SOLTEIRO,35 a 39 anos,ENSINO FUNDAMENTAL INCOMPLETO
CAPÃO DO LEÃO_164,CAPÃO DO LEÃO,164,FEMININO,SOLTEIRO,35 a 39 anos,ENSINO FUNDAMENTAL INCOMPLETO
CARAZINHO_15,CARAZINHO,15,FEMININO,SOLTEIRO,35 a 39 anos,ENSINO FUNDAMENTAL INCOMPLETO
CARAÁ_46,CARAÁ,46,MASCULINO,SOLTEIRO,50 a 54 anos,ENSINO FUNDAMENTAL INCOMPLETO
CARLOS BARBOSA_152,CARLOS BARBOSA,152,FEMININO,CASADO,35 a 39 anos,ENSINO FUNDAMENTAL INCOMPLETO
CARLOS GOMES_3,CARLOS GOMES,3,MASCULINO,CASADO,50 a 54 anos,ENSINO FUNDAMENTAL INCOMPLETO
CASCA_138,CASCA,138,FEMININO,CASADO,35 a 39 anos,ENSINO FUNDAMENTAL INCOMPLETO
CASEIROS_28,CASEIROS,28,FEMININO,SOLTEIRO,50 a 54 anos,ENSINO FUNDAMENTAL INCOMPLETO
CATUÍPE_23,CATUÍPE,23,FEMININO,CASADO,50 a 54 anos,ENSINO FUNDAMENTAL INCOMPLETO
CAXIAS DO SUL_136,CAXIAS DO SUL,136,FEMININO,SOLTEIRO,35 a 39 anos,ENSINO MÉDIO COMPLETO
CAXIAS DO SUL_16,CAXIAS DO SUL,16,FEMININO,SOLTEIRO,35 a 39 anos,ENSINO MÉDIO COMPLETO
CAXIAS DO SUL_169,CAXIAS DO SUL,169,FEMININO,SOLTEIRO,35 a 39 anos,ENSINO MÉDIO COMPLETO
CAÇAPAVA DO SUL_9,CAÇAPAVA DO SUL,9,FEMININO,SOLTEIRO,55 a 59 anos,ENSINO FUNDAMENTAL INCOMPLETO
CENTENÁRIO_3,CENTENÁRIO,3,MASCULINO,CASADO,50 a 54 anos,ENSINO FUNDAMENTAL INCOMPLETO
CERRITO_123,CERRITO,123,MASCULINO,SOLTEIRO,50 a 54 anos,ENSINO FUNDAMENTAL INCOMPLETO
CERRO BRANCO_10,CERRO BRANCO,10,MASCULINO,CASADO,50 a 54 anos,ENSINO FUNDAMENTAL INCOMPLETO
CERRO GRANDE DO SUL_84,CERRO GRANDE DO SUL,84,FEMININO,SOLTEIRO,35 a 39 anos,ENSINO FUNDAMENTAL INCOMPLETO
CERRO GRANDE_64,CERRO GRANDE,64,MASCULINO,CASADO,25 a 29 anos,ENSINO FUNDAMENTAL INCOMPLETO
CERRO LARGO_96,CERRO LARGO,96,FEMININO,SOLTEIRO,55 a 59 anos,ENSINO FUNDAMENTAL INCOMPLETO
CHAPADA_15,CHAPADA,15,FEMININO,CASADO,55 a 59 anos,ENSINO FUNDAMENTAL INCOMPLETO
CHARQUEADAS_50,CHARQUEADAS,50,FEMININO,SOLTEIRO,35 a 39 anos,ENSINO MÉDIO COMPLETO
CHARRUA_100,CHARRUA,100,FEMININO,SOLTEIRO,21 a 24 anos,ENSINO FUNDAMENTAL INCOMPLETO
CHIAPETTA_107,CHIAPETTA,107,FEMININO,SOLTEIRO,25 a 29 anos,ENSINO FUNDAMENTAL INCOMPLETO
CHUVISCA_12,CHUVISCA,12,MASCULINO,CASADO,30 a 34 anos,ENSINO FUNDAMENTAL INCOMPLETO
CHUÍ_43,CHUÍ,43,FEMININO,SOLTEIRO,25 a 29 anos,ENSINO FUNDAMENTAL INCOMPLETO
CIDREIRA_110,CIDREIRA,110,FEMININO,SOLTEIRO,60 a 64 anos,ENSINO FUNDAMENTAL INCOMPLETO
CIRÍACO_138,CIRÍACO,138,MASCULINO,CASADO,60 a 64 anos,ENSINO FUNDAMENTAL INCOMPLETO
COLINAS_21,COLINAS,21,MASCULINO,CASADO,30 a 34 anos,ENSINO FUNDAMENTAL INCOMPLETO
COLORADO_117,COLORADO,117,FEMININO,CASADO,55 a 59 anos,ENSINO FUNDAMENTAL INCOMPLETO
CONDOR_115,CONDOR,115,FEMININO,CASADO,30 a 34 anos,ENSINO FUNDAMENTAL INCOMPLETO
CONSTANTINA_146,CONSTANTINA,146,FEMININO,CASADO,30 a 34 anos,ENSINO FUNDAMENTAL INCOMPLETO
COQUEIRO BAIXO_104,COQUEIRO BAIXO,104,MASCULINO,CASADO,70 a 74 anos,ENSINO FUNDAMENTAL INCOMPLETO
COQUEIROS DO SUL_15,COQUEIROS DO SUL,15,MASCULINO,CASADO,55 a 59 anos,ENSINO FUNDAMENTAL INCOMPLETO
CORONEL BARROS_23,CORONEL BARROS,23,FEMININO,CASADO,35 a 39 anos,ENSINO FUNDAMENTAL INCOMPLETO
CORONEL BICACO_140,CORONEL BICACO,140,FEMININO,SOLTEIRO,55 a 59 anos,ENSINO FUNDAMENTAL INCOMPLETO
CORONEL PILAR_98,CORONEL PILAR,98,MASCULINO,CASADO,60 a 64 anos,ENSINO FUNDAMENTAL INCOMPLETO
COTIPORÃ_88,COTIPORÃ,88,MASCULINO,CASADO,60 a 64 anos,ENSINO FUNDAMENTAL INCOMPLETO
COXILHA_33,COXILHA,33,FEMININO,SOLTEIRO,25 a 29 anos,ENSINO FUNDAMENTAL INCOMPLETO
CRISSIUMAL_91,CRISSIUMAL,91,FEMININO,CASADO,55 a 59 anos,ENSINO FUNDAMENTAL INCOMPLETO
CRISTAL DO SUL_64,CRISTAL DO SUL,64,MASCULINO,CASADO,45 a 49 anos,ENSINO FUNDAMENTAL INCOMPLETO
CRISTAL_12,CRISTAL,12,MASCULINO,SOLTEIRO,35 a 39 anos,ENSINO FUNDAMENTAL INCOMPLETO
CRUZ ALTA_17,CRUZ ALTA,17,FEMININO,SOLTEIRO,35 a 39 anos,ENSINO FUNDAMENTAL INCOMPLETO
CRUZALTENSE_148,CRUZALTENSE,148,MASCULINO,CASADO,55 a 59 anos,ENSINO FUNDAMENTAL INCOMPLETO
CRUZEIRO DO SUL_29,CRUZEIRO DO SUL,29,FEMININO,SOLTEIRO,55 a 59 anos,ENSINO FUNDAMENTAL INCOMPLETO
CÂNDIDO GODÓI_166,CÂNDIDO GODÓI,166,MASCULINO,CASADO,55 a 59 anos,ENSINO FUNDAMENTAL INCOMPLETO
DAVID CANABARRO_138,DAVID CANABARRO,138,MASCULINO,CASADO,25 a 29 anos,ENSINO FUNDAMENTAL INCOMPLETO
DERRUBADAS_101,DERRUBADAS,101,MASCULINO,CASADO,60 a 64 anos,ENSINO FUNDAMENTAL INCOMPLETO
DEZESSEIS DE NOVEMBRO_52,DEZESSEIS DE NOVEMBRO,52,MASCULINO,SOLTEIRO,60 a 64 anos,ENSINO FUNDAMENTAL INCOMPLETO
DILERMANDO DE AGUIAR_81,DILERMANDO DE AGUIAR,81,MASCULINO,SOLTEIRO,50 a 54 anos,ENSINO FUNDAMENTAL INCOMPLETO
DOIS IRMÃOS DAS MISSÕES_132,DOIS IRMÃOS DAS MISSÕES,132,MASCULINO,SOLTEIRO,35 a 39 anos,ENSINO FUNDAMENTAL INCOMPLETO
DOIS IRMÃOS_153,DOIS IRMÃOS,153,FEMININO,SOLTEIRO,35 a 39 anos,ENSINO FUNDAMENTAL INCOMPLETO
DOIS LAJEADOS_22,DOIS LAJEADOS,22,MASCULINO,CASADO,55 a 59 anos,ENSINO FUNDAMENTAL INCOMPLETO
DOM FELICIANO_12,DOM FELICIANO,12,MASCULINO,CASADO,25 a 29 anos,ENSINO FUNDAMENTAL INCOMPLETO
DOM PEDRITO_18,DOM PEDRITO,18,FEMININO,SOLTEIRO,55 a 59 anos,ENSINO FUNDAMENTAL INCOMPLETO
DOM PEDRO DE ALCÂNTARA_85,DOM PEDRO DE ALCÂNTARA,85,MASCULINO,SOLTEIRO,55 a 59 anos,ENSINO FUNDAMENTAL INCOMPLETO
DONA FRANCISCA_119,DONA FRANCISCA,119,FEMININO,SOLTEIRO,25 a 29 anos,ENSINO FUNDAMENTAL INCOMPLETO
DOUTOR MAURÍCIO CARDOSO_120,DOUTOR MAURÍCIO CARDOSO,120,FEMININO,CASADO,55 a 59 anos,ENSINO FUNDAMENTAL INCOMPLETO
DOUTOR RICARDO_67,DOUTOR RICARDO,67,MASCULINO,CASADO,50 a 54 anos,ENSINO FUNDAMENTAL INCOMPLETO
ELDORADO DO SUL_90,ELDORADO DO SUL,90,FEMININO,SOLTEIRO,35 a 39 anos,ENSINO FUNDAMENTAL INCOMPLETO
ENCANTADO_67,ENCANTADO,67,FEMININO,SOLTEIRO,35 a 39 anos,ENSINO FUNDAMENTAL INCOMPLETO
ENCRUZILHADA DO SUL_19,ENCRUZILHADA DO SUL,19,FEMININO,SOLTEIRO,55 a 59 anos,ENSINO FUNDAMENTAL INCOMPLETO
ENGENHO VELHO_146,ENGENHO VELHO,146,FEMININO,SOLTEIRO,25 a 29 anos,ENSINO FUNDAMENTAL INCOMPLETO
ENTRE RIOS DO SUL_168,ENTRE RIOS DO SUL,168,MASCULINO,SOLTEIRO,25 a 29 anos,ENSINO FUNDAMENTAL INCOMPLETO
ENTRE-IJUÍS_45,ENTRE-IJUÍS,45,FEMININO,CASADO,25 a 29 anos,ENSINO FUNDAMENTAL INCOMPLETO
EREBANGO_70,EREBANGO,70,FEMININO,SOLTEIRO,25 a 29 anos,ENSINO FUNDAMENTAL INCOMPLETO
ERECHIM_148,ERECHIM,148,FEMININO,SOLTEIRO,35 a 39 anos,ENSINO MÉDIO COMPLETO
ERECHIM_20,ERECHIM,20,FEMININO,SOLTEIRO,35 a 39 anos,ENSINO MÉDIO COMPLETO
ERNESTINA_128,ERNESTINA,128,MASCULINO,SOLTEIRO,35 a 39 anos,ENSINO FUNDAMENTAL INCOMPLETO
ERVAL GRANDE_168,ERVAL GRANDE,168,MASCULINO,CASADO,25 a 29 anos,ENSINO FUNDAMENTAL INCOMPLETO
ERVAL SECO_132,ERVAL SECO,132,FEMININO,CASADO,55 a 59 anos,ENSINO FUNDAMENTAL INCOMPLETO
ESMERALDA_58,ESMERALDA,58,FEMININO,SOLTEIRO,35 a 39 anos,ENSINO FUNDAMENTAL INCOMPLETO
ESPERANÇA DO SUL_86,ESPERANÇA DO SUL,86,MASCULINO,CASADO,60 a 64 anos,ENSINO FUNDAMENTAL INCOMPLETO
ESPUMOSO_4,ESPUMOSO,4,FEMININO,SOLTEIRO,35 a 39 anos,ENSINO FUNDAMENTAL INCOMPLETO
ESTAÇÃO_70,ESTAÇÃO,70,FEMININO,CASADO,55 a 59 anos,ENSINO FUNDAMENTAL INCOMPLETO
ESTEIO_97,ESTEIO,97,FEMININO,SOLTEIRO,35 a 39 anos,ENSINO MÉDIO COMPLETO
ESTRELA VELHA_154,ESTRELA VELHA,154,MASCULINO,CASADO,30 a 34 anos,ENSINO FUNDAMENTAL INCOMPLETO
ESTRELA_21,ESTRELA,21,FEMININO,SOLTEIRO,35 a 39 anos,ENSINO FUNDAMENTAL INCOMPLETO
ESTÂNCIA VELHA_118,ESTÂNCIA VELHA,118,FEMININO,SOLTEIRO,35 a 39 anos,ENSINO FUNDAMENTAL INCOMPLETO
EUGÊNIO DE CASTRO_45,EUGÊNIO DE CASTRO,45,FEMININO,CASADO,50 a 54 anos,ENSINO FUNDAMENTAL INCOMPLETO
FAGUNDES VARELA_88,FAGUNDES VARELA,88,MASCULINO,CASADO,55 a 59 anos,ENSINO FUNDAMENTAL INCOMPLETO
FARROUPILHA_61,FARROUPILHA,61,FEMININO,SOLTEIRO,35 a 39 anos,ENSINO FUNDAMENTAL INCOMPLETO
FAXINAL DO SOTURNO_119,FAXINAL DO SOTURNO,119,FEMININO,SOLTEIRO,30 a 34 anos,ENSINO FUNDAMENTAL INCOMPLETO
FAXINALZINHO_168,FAXINALZINHO,168,MASCULINO,SOLTEIRO,25 a 29 anos,ENSINO FUNDAMENTAL INCOMPLETO
FAZENDA VILANOVA_21,FAZENDA VILANOVA,21,MASCULINO,CASADO,25 a 29 anos,ENSINO FUNDAMENTAL INCOMPLETO
FELIZ_165,FELIZ,165,FEMININO,CASADO,30 a 34 anos,ENSINO FUNDAMENTAL INCOMPLETO
FLORES DA CUNHA_68,FLORES DA CUNHA,68,FEMININO,CASADO,35 a 39 anos,ENSINO FUNDAMENTAL INCOMPLETO
FLORIANO PEIXOTO_70,FLORIANO PEIXOTO,70,MASCULINO,CASADO,55 a 59 anos,ENSINO FUNDAMENTAL INCOMPLETO
FONTOURA XAVIER_54,FONTOURA XAVIER,54,MASCULINO,SOLTEIRO,25 a 29 anos,ENSINO FUNDAMENTAL INCOMPLETO
FORMIGUEIRO_157,FORMIGUEIRO,157,MASCULINO,SOLTEIRO,55 a 59 anos,ENSINO FUNDAMENTAL INCOMPLETO
FORQUETINHA_29,FORQUETINHA,29,MASCULINO,CASADO,60 a 64 anos,ENSINO FUNDAMENTAL INCOMPLETO
FORTALEZA DOS VALOS_17,FORTALEZA DOS VALOS,17,FEMININO,CASADO,50 a 54 anos,ENSINO FUNDAMENTAL INCOMPLETO
FREDERICO WESTPHALEN_94,FREDERICO WESTPHALEN,94,FEMININO,SOLTEIRO,25 a 29 anos,ENSINO FUNDAMENTAL INCOMPLETO
GARIBALDI_98,GARIBALDI,98,FEMININO,SOLTEIRO,30 a 34 anos,ENSINO FUNDAMENTAL INCOMPLETO
GARRUCHOS_141,GARRUCHOS,141,MASCULINO,SOLTEIRO,25 a 29 anos,ENSINO FUNDAMENTAL INCOMPLETO
GAURAMA_3,GAURAMA,3,FEMININO,CASADO,55 a 59 anos,ENSINO FUNDAMENTAL INCOMPLETO
GENERAL CÂMARA_50,GENERAL CÂMARA,50,MASCULINO,SOLTEIRO,50 a 54 anos,ENSINO FUNDAMENTAL INCOMPLETO
GENTIL_62,GENTIL,62,MASCULINO,SOLTEIRO,35 a 39 anos,ENSINO FUNDAMENTAL INCOMPLETO
GETÚLIO VARGAS_70,GETÚLIO VARGAS,70,FEMININO,SOLTEIRO,25 a 29 anos,ENSINO FUNDAMENTAL INCOMPLETO
GIRUÁ_127,GIRUÁ,127,FEMININO,CASADO,25 a 29 anos,ENSINO FUNDAMENTAL INCOMPLETO
GLORINHA_71,GLORINHA,71,MASCULINO,SOLTEIRO,30 a 34 anos,ENSINO FUNDAMENTAL INCOMPLETO
GRAMADO DOS LOUREIROS_99,GRAMADO DOS LOUREIROS,99,MASCULINO,SOLTEIRO,30 a 34 anos,ENSINO FUNDAMENTAL INCOMPLETO
GRAMADO XAVIER_40,GRAMADO XAVIER,40,MASCULINO,SOLTEIRO,35 a 39 anos,ENSINO FUNDAMENTAL INCOMPLETO
GRAMADO_65,GRAMADO,65,FEMININO,SOLTEIRO,35 a 39 anos,ENSINO FUNDAMENTAL INCOMPLETO
GRAVATAÍ_173,GRAVATAÍ,173,FEMININO,SOLTEIRO,35 a 39 anos,ENSINO FUNDAMENTAL INCOMPLETO
GRAVATAÍ_71,GRAVATAÍ,71,FEMININO,SOLTEIRO,35 a 39 anos,ENSINO FUNDAMENTAL INCOMPLETO
GUABIJU_75,GUABIJU,75,MASCULINO,CASADO,60 a 64 anos,ENSINO FUNDAMENTAL INCOMPLETO
GUAPORÉ_22,GUAPORÉ,22,FEMININO,SOLTEIRO,30 a 34 anos,ENSINO MÉDIO COMPLETO
GUARANI DAS MISSÕES_96,GUARANI DAS MISSÕES,96,FEMININO,CASADO,50 a 54 anos,ENSINO FUNDAMENTAL INCOMPLETO
GUAÍBA_90,GUAÍBA,90,FEMININO,SOLTEIRO,35 a 39 anos,ENSINO MÉDIO COMPLETO
HARMONIA_11,HARMONIA,11,MASCULINO,SOLTEIRO,35 a 39 anos,ENSINO FUNDAMENTAL INCOMPLETO
HERVAL_92,HERVAL,92,MASCULINO,SOLTEIRO,35 a 39 anos,ENSINO FUNDAMENTAL INCOMPLETO
HERVEIRAS_40,HERVEIRAS,40,MASCULINO,SOLTEIRO,25 a 29 anos,ENSINO FUNDAMENTAL INCOMPLETO
HORIZONTINA_120,HORIZONTINA,120,FEMININO,CASADO,40 a 44 anos,ENSINO FUNDAMENTAL INCOMPLETO
HULHA NEGRA_142,HULHA NEGRA,142,MASCULINO,SOLTEIRO,25 a 29 anos,ENSINO FUNDAMENTAL INCOMPLETO
HUMAITÁ_91,HUMAITÁ,91,FEMININO,CASADO,55 a 59 anos,ENSINO FUNDAMENTAL INCOMPLETO
IBARAMA_53,IBARAMA,53,MASCULINO,SOLTEIRO,35 a 39 anos,ENSINO FUNDAMENTAL INCOMPLETO
IBIAÇÁ_95,IBIAÇÁ,95,FEMININO,CASADO,55 a 59 anos,ENSINO FUNDAMENTAL INCOMPLETO
IBIRAIARAS_28,IBIRAIARAS,28,MASCULINO,CASADO,50 a 54 anos,ENSINO FUNDAMENTAL INCOMPLETO
IBIRAPUITÃ_54,IBIRAPUITÃ,54,MASCULINO,SOLTEIRO,25 a 29 anos,ENSINO FUNDAMENTAL INCOMPLETO
IBIRUBÁ_121,IBIRUBÁ,121,FEMININO,CASADO,35 a 39 anos,ENSINO FUNDAMENTAL INCOMPLETO
IGREJINHA_149,IGREJINHA,149,FEMININO,SOLTEIRO,35 a 39 anos,ENSINO FUNDAMENTAL INCOMPLETO
IJUÍ_23,IJUÍ,23,FEMININO,SOLTEIRO,35 a 39 anos,ENSINO FUNDAMENTAL INCOMPLETO
ILÓPOLIS_145,ILÓPOLIS,145,FEMININO,CASADO,25 a 29 anos,ENSINO FUNDAMENTAL INCOMPLETO
IMBÉ_110,IMBÉ,110,FEMININO,SOLTEIRO,35 a 39 anos,ENSINO FUNDAMENTAL INCOMPLETO
IMIGRANTE_125,IMIGRANTE,125,FEMININO,CASADO,35 a 39 anos,ENSINO FUNDAMENTAL INCOMPLETO
INDEPENDÊNCIA_89,INDEPENDÊNCIA,89,MASCULINO,CASADO,55 a 59 anos,ENSINO FUNDAMENTAL INCOMPLETO
INHACORÁ_107,INHACORÁ,107,MASCULINO,CASADO,30 a 34 anos,ENSINO FUNDAMENTAL INCOMPLETO
IPIRANGA DO SUL_70,IPIRANGA DO SUL,70,MASCULINO,CASADO,50 a 54 anos,ENSINO FUNDAMENTAL INCOMPLETO
IPÊ_6,IPÊ,6,MASCULINO,CASADO,50 a 54 anos,ENSINO FUNDAMENTAL INCOMPLETO
IRAÍ_94,IRAÍ,94,FEMININO,SOLTEIRO,25 a 29 anos,ENSINO FUNDAMENTAL INCOMPLETO
ITAARA_135,ITAARA,135,FEMININO,SOLTEIRO,25 a 29 anos,ENSINO FUNDAMENTAL INCOMPLETO
ITACURUBI_44,ITACURUBI,44,MASCULINO,SOLTEIRO,55 a 59 anos,ENSINO FUNDAMENTAL INCOMPLETO
ITAPUCA_145,ITAPUCA,145,MASCULINO,SOLTEIRO,55 a 59 anos,ENSINO FUNDAMENTAL INCOMPLETO
ITAQUI_24,ITAQUI,24,FEMININO,SOLTEIRO,25 a 29 anos,ENSINO FUNDAMENTAL INCOMPLETO
ITATIBA DO SUL_20,ITATIBA DO SUL,20,MASCULINO,CASADO,55 a 59 anos,ENSINO FUNDAMENTAL INCOMPLETO
ITATI_77,ITATI,77,MASCULINO,SOLTEIRO,30 a 34 anos,ENSINO FUNDAMENTAL INCOMPLETO
IVORÁ_119,IVORÁ,119,MASCULINO,CASADO,60 a 64 anos,ENSINO FUNDAMENTAL INCOMPLETO
IVOTI_118,IVOTI,118,FEMININO,SOLTEIRO,35 a 39 anos,ENSINO FUNDAMENTAL INCOMPLETO
JABOTICABA_64,JABOTICABA,64,MASCULINO,CASADO,50 a 54 anos,ENSINO FUNDAMENTAL INCOMPLETO
JACUIZINHO_154,JACUIZINHO,154,MASCULINO,CASADO,35 a 39 anos,ENSINO FUNDAMENTAL INCOMPLETO
JACUTINGA_148,JACUTINGA,148,FEMININO,CASADO,25 a 29 anos,ENSINO FUNDAMENTAL INCOMPLETO
JAGUARI_26,JAGUARI,26,FEMININO,CASADO,55 a 59 anos,ENSINO FUNDAMENTAL INCOMPLETO
JAGUARÃO_25,JAGUARÃO,25,FEMININO,SOLTEIRO,55 a 59 anos,ENSINO FUNDAMENTAL INCOMPLETO
JAQUIRANA_63,JAQUIRANA,63,MASCULINO,SOLTEIRO,55 a 59 anos,ENSINO FUNDAMENTAL INCOMPLETO
JARI_87,JARI,87,MASCULINO,SOLTEIRO,35 a 39 anos,ENSINO FUNDAMENTAL INCOMPLETO
JÓIA_155,JÓIA,155,MASCULINO,SOLTEIRO,55 a 59 anos,ENSINO FUNDAMENTAL INCOMPLETO
JÚLIO DE CASTILHOS_27,JÚLIO DE CASTILHOS,27,FEMININO,SOLTEIRO,30 a 34 anos,ENSINO FUNDAMENTAL INCOMPLETO
LAGOA BONITA DO SUL_53,LAGOA BONITA DO SUL,53,MASCULINO,SOLTEIRO,45 a 49 anos,ENSINO FUNDAMENTAL INCOMPLETO
LAGOA DOS TRÊS CANTOS_117,LAGOA DOS TRÊS CANTOS,117,FEMININO,CASADO,30 a 34 anos,ENSINO FUNDAMENTAL INCOMPLETO
LAGOA VERMELHA_28,LAGOA VERMELHA,28,FEMININO,SOLTEIRO,25 a 29 anos,ENSINO FUNDAMENTAL INCOMPLETO
LAGOÃO_53,LAGOÃO,53,MASCULINO,CASADO,25 a 29 anos,ENSINO FUNDAMENTAL INCOMPLETO
LAJEADO DO BUGRE_32,LAJEADO DO BUGRE,32,MASCULINO,SOLTEIRO,35 a 39 anos,ENSINO FUNDAMENTAL INCOMPLETO
LAJEADO_29,LAJEADO,29,FEMININO,SOLTEIRO,35 a 39 anos,ENSINO FUNDAMENTAL INCOMPLETO
LAVRAS DO SUL_9,LAVRAS DO SUL,9,FEMININO,SOLTEIRO,55 a 59 anos,ENSINO FUNDAMENTAL INCOMPLETO
LIBERATO SALZANO_146,LIBERATO SALZANO,146,MASCULINO,CASADO,55 a 59 anos,ENSINO FUNDAMENTAL INCOMPLETO
LINDOLFO COLLOR_118,LINDOLFO COLLOR,118,MASCULINO,SOLTEIRO,35 a 39 anos,ENSINO FUNDAMENTAL INCOMPLETO
LINHA NOVA_165,LINHA NOVA,165,MASCULINO,CASADO,50 a 54 anos,ENSINO FUNDAMENTAL INCOMPLETO
MACHADINHO_103,MACHADINHO,103,FEMININO,SOLTEIRO,35 a 39 anos,ENSINO FUNDAMENTAL INCOMPLETO
MAMPITUBA_85,MAMPITUBA,85,MASCULINO,SOLTEIRO,25 a 29 anos,ENSINO FUNDAMENTAL INCOMPLETO
MANOEL VIANA_79,MANOEL VIANA,79,FEMININO,SOLTEIRO,55 a 59 anos,ENSINO FUNDAMENTAL INCOMPLETO
MAQUINÉ_77,MAQUINÉ,77,MASCULINO,SOLTEIRO,55 a 59 anos,ENSINO FUNDAMENTAL INCOMPLETO
MARATÁ_31,MARATÁ,31,MASCULINO,CASADO,55 a 59 anos,ENSINO FUNDAMENTAL INCOMPLETO
MARAU_62,MARAU,62,FEMININO,SOLTEIRO,35 a 39 anos,ENSINO FUNDAMENTAL INCOMPLETO
MARCELINO RAMOS_3,MARCELINO RAMOS,3,FEMININO,SOLTEIRO,50 a 54 anos,ENSINO FUNDAMENTAL INCOMPLETO
MARIANA PIMENTEL_151,MARIANA PIMENTEL,151,MASCULINO,SOLTEIRO,60 a 64 anos,ENSINO FUNDAMENTAL INCOMPLETO
MARIANO MORO_20,MARIANO MORO,20,MASCULINO,SOLTEIRO,55 a 59 anos,ENSINO FUNDAMENTAL INCOMPLETO
MARQUES DE SOUZA_29,MARQUES DE SOUZA,29,FEMININO,CASADO,60 a 64 anos,ENSINO FUNDAMENTAL INCOMPLETO
MATA_69,MATA,69,MASCULINO,SOLTEIRO,55 a 59 anos,ENSINO FUNDAMENTAL INCOMPLETO
MATO CASTELHANO_128,MATO CASTELHANO,128,MASCULINO,SOLTEIRO,35 a 39 anos,ENSINO FUNDAMENTAL INCOMPLETO
MATO LEITÃO_93,MATO LEITÃO,93,FEMININO,SOLTEIRO,35 a 39 anos,ENSINO FUNDAMENTAL INCOMPLETO
MATO QUEIMADO_52,MATO QUEIMADO,52,FEMININO,SOLTEIRO,55 a 59 anos,ENSINO FUNDAMENTAL INCOMPLETO
MAXIMILIANO DE ALMEIDA_95,MAXIMILIANO DE ALMEIDA,95,MASCULINO,SOLTEIRO,25 a 29 anos,ENSINO FUNDAMENTAL INCOMPLETO
MAÇAMBARÁ_24,MAÇAMBARÁ,24,MASCULINO,SOLTEIRO,40 a 44 anos,ENSINO FUNDAMENTAL INCOMPLETO
MINAS DO LEÃO_116,MINAS DO LEÃO,116,FEMININO,SOLTEIRO,35 a 39 anos,ENSINO FUNDAMENTAL INCOMPLETO
MIRAGUAÍ_101,MIRAGUAÍ,101,MASCULINO,SOLTEIRO,25 a 29 anos,ENSINO FUNDAMENTAL INCOMPLETO
MONTAURI_22,MONTAURI,22,MASCULINO,CASADO,55 a 59 anos,ENSINO FUNDAMENTAL INCOMPLETO
MONTE ALEGRE DOS CAMPOS_58,MONTE ALEGRE DOS CAMPOS,58,MASCULINO,SOLTEIRO,55 a 59 anos,ENSINO FUNDAMENTAL INCOMPLETO
MONTE BELO DO SUL_8,MONTE BELO DO SUL,8,MASCULINO,CASADO,55 a 59 anos,ENSINO FUNDAMENTAL INCOMPLETO
MONTENEGRO_31,MONTENEGRO,31,FEMININO,SOLTEIRO,35 a 39 anos,ENSINO FUNDAMENTAL INCOMPLETO
MORMAÇO_54,MORMAÇO,54,MASCULINO,SOLTEIRO,35 a 39 anos,ENSINO FUNDAMENTAL INCOMPLETO
MORRINHOS DO SUL_85,MORRINHOS DO SUL,85,MASCULINO,CASADO,55 a 59 anos,ENSINO FUNDAMENTAL INCOMPLETO
MORRO REDONDO_164,MORRO REDONDO,164,FEMININO,CASADO,35 a 39 anos,ENSINO FUNDAMENTAL INCOMPLETO
MORRO REUTER_153,MORRO REUTER,153,MASCULINO,SOLTEIRO,55 a 59 anos,ENSINO FUNDAMENTAL INCOMPLETO
MOSTARDAS_122,MOSTARDAS,122,MASCULINO,SOLTEIRO,55 a 59 anos,ENSINO FUNDAMENTAL INCOMPLETO
MUITOS CAPÕES_58,MUITOS CAPÕES,58,MASCULINO,SOLTEIRO,50 a 54 anos,ENSINO FUNDAMENTAL INCOMPLETO
MULITERNO_28,MULITERNO,28,MASCULINO,SOLTEIRO,25 a 29 anos,ENSINO FUNDAMENTAL INCOMPLETO
MUÇUM_67,MUÇUM,67,FEMININO,SOLTEIRO,55 a 59 anos,ENSINO FUNDAMENTAL INCOMPLETO
NICOLAU VERGUEIRO_62,NICOLAU VERGUEIRO,62,MASCULINO,SOLTEIRO,55 a 59 anos,ENSINO FUNDAMENTAL INCOMPLETO
NONOAI_99,NONOAI,99,FEMININO,SOLTEIRO,25 a 29 anos,ENSINO FUNDAMENTAL INCOMPLETO
NOVA ALVORADA_62,NOVA ALVORADA,62,MASCULINO,CASADO,35 a 39 anos,ENSINO FUNDAMENTAL INCOMPLETO
NOVA ARAÇÁ_138,NOVA ARAÇÁ,138,FEMININO,CASADO,25 a 29 anos,ENSINO FUNDAMENTAL INCOMPLETO
NOVA BASSANO_75,NOVA BASSANO,75,MASCULINO,CASADO,25 a 29 anos,ENSINO FUNDAMENTAL INCOMPLETO
NOVA BOA VISTA_83,NOVA BOA VISTA,83,MASCULINO,CASADO,55 a 59 anos,ENSINO FUNDAMENTAL INCOMPLETO
NOVA BRÉSCIA_104,NOVA BRÉSCIA,104,MASCULINO,CASADO,60 a 64 anos,ENSINO FUNDAMENTAL INCOMPLETO
NOVA CANDELÁRIA_89,NOVA CANDELÁRIA,89,MASCULINO,CASADO,35 a 39 anos,ENSINO FUNDAMENTAL INCOMPLETO
NOVA ESPERANÇA DO SUL_26,NOVA ESPERANÇA DO SUL,26,FEMININO,CASADO,25 a 29 anos,ENSINO FUNDAMENTAL INCOMPLETO
NOVA HARTZ_131,NOVA HARTZ,131,FEMININO,SOLTEIRO,35 a 39 anos,ENSINO FUNDAMENTAL INCOMPLETO
NOVA PALMA_119,NOVA PALMA,119,MASCULINO,CASADO,25 a 29 anos,ENSINO FUNDAMENTAL INCOMPLETO
NOVA PETRÓPOLIS_129,NOVA PETRÓPOLIS,129,FEMININO,SOLTEIRO,35 a 39 anos,ENSINO FUNDAMENTAL INCOMPLETO
NOVA PRATA_75,NOVA PRATA,75,FEMININO,SOLTEIRO,35 a 39 anos,ENSINO FUNDAMENTAL INCOMPLETO
NOVA PÁDUA_68,NOVA PÁDUA,68,MASCULINO,CASADO,55 a 59 anos,ENSINO FUNDAMENTAL INCOMPLETO
NOVA RAMADA_23,NOVA RAMADA,23,MASCULINO,CASADO,45 a 49 anos,ENSINO FUNDAMENTAL INCOMPLETO
NOVA ROMA DO SUL_6,NOVA ROMA DO SUL,6,MASCULINO,CASADO,55 a 59 anos,ENSINO FUNDAMENTAL INCOMPLETO
NOVA SANTA RITA_66,NOVA SANTA RITA,66,FEMININO,SOLTEIRO,25 a 29 anos,ENSINO FUNDAMENTAL INCOMPLETO
NOVO BARREIRO_32,NOVO BARREIRO,32,MASCULINO,CASADO,30 a 34 anos,ENSINO FUNDAMENTAL INCOMPLETO
NOVO CABRAIS_10,NOVO CABRAIS,10,MASCULINO,CASADO,35 a 39 anos,ENSINO FUNDAMENTAL INCOMPLETO
NOVO HAMBURGO_172,NOVO HAMBURGO,172,FEMININO,SOLTEIRO,35 a 39 anos,ENSINO FUNDAMENTAL INCOMPLETO
NOVO HAMBURGO_76,NOVO HAMBURGO,76,FEMININO,SOLTEIRO,35 a 39 anos,ENSINO FUNDAMENTAL INCOMPLETO
NOVO MACHADO_120,NOVO MACHADO,120,MASCULINO,CASADO,60 a 64 anos,ENSINO FUNDAMENTAL INCOMPLETO
NOVO TIRADENTES_64,NOVO TIRADENTES,64,MASCULINO,CASADO,55 a 59 anos,ENSINO FUNDAMENTAL INCOMPLETO
NOVO XINGU_146,NOVO XINGU,146,MASCULINO,CASADO,25 a 29 anos,ENSINO FUNDAMENTAL INCOMPLETO
NÃO-ME-TOQUE_117,NÃO-ME-TOQUE,117,FEMININO,SOLTEIRO,35 a 39 anos,ENSINO FUNDAMENTAL INCOMPLETO
OSÓRIO_77,OSÓRIO,77,FEMININO,SOLTEIRO,35 a 39 anos,ENSINO FUNDAMENTAL INCOMPLETO
PAIM FILHO_95,PAIM FILHO,95,FEMININO,CASADO,25 a 29 anos,ENSINO FUNDAMENTAL INCOMPLETO
PALMARES DO SUL_156,PALMARES DO SUL,156,FEMININO,SOLTEIRO,55 a 59 anos,ENSINO FUNDAMENTAL INCOMPLETO
PALMEIRA DAS MISSÕES_32,PALMEIRA DAS MISSÕES,32,FEMININO,SOLTEIRO,25 a 29 anos,ENSINO FUNDAMENTAL INCOMPLETO
PALMITINHO_94,PALMITINHO,94,FEMININO,CASADO,25 a 29 anos,ENSINO FUNDAMENTAL INCOMPLETO
PANAMBI_115,PANAMBI,115,FEMININO,CASADO,35 a 39 anos,ENSINO FUNDAMENTAL INCOMPLETO
PANTANO GRANDE_38,PANTANO GRANDE,38,FEMININO,SOLTEIRO,35 a 39 anos,ENSINO FUNDAMENTAL INCOMPLETO
PARAÍSO DO SUL_157,PARAÍSO DO SUL,157,MASCULINO,CASADO,35 a 39 anos,ENSINO FUNDAMENTAL INCOMPLETO
PARAÍ_138,PARAÍ,138,MASCULINO,CASADO,30 a 34 anos,ENSINO FUNDAMENTAL INCOMPLETO
PARECI NOVO_31,PARECI NOVO,31,MASCULINO,SOLTEIRO,30 a 34 anos,ENSINO FUNDAMENTAL INCOMPLETO
PAROBÉ_55,PAROBÉ,55,FEMININO,SOLTEIRO,25 a 29 anos,ENSINO FUNDAMENTAL INCOMPLETO
PASSA SETE_53,PASSA SETE,53,MASCULINO,CASADO,50 a 54 anos,ENSINO FUNDAMENTAL INCOMPLETO
PASSO DO SOBRADO_162,PASSO DO SOBRADO,162,FEMININO,CASADO,35 a 39 anos,ENSINO FUNDAMENTAL INCOMPLETO
PASSO FUNDO_128,PASSO FUNDO,128,FEMININO,SOLTEIRO,35 a 39 anos,ENSINO FUNDAMENTAL INCOMPLETO
PASSO FUNDO_33,PASSO FUNDO,33,FEMININO,SOLTEIRO,35 a 39 anos,ENSINO FUNDAMENTAL INCOMPLETO
PAULO BENTO_148,PAULO BENTO,148,MASCULINO,CASADO,55 a 59 anos,ENSINO FUNDAMENTAL INCOMPLETO
PAVERAMA_125,PAVERAMA,125,MASCULINO,SOLTEIRO,45 a 49 anos,ENSINO FUNDAMENTAL INCOMPLETO
PEDRAS ALTAS_35,PEDRAS ALTAS,35,MASCULINO,SOLTEIRO,50 a 54 anos,ENSINO FUNDAMENTAL INCOMPLETO
PEDRO OSÓRIO_123,PEDRO OSÓRIO,123,FEMININO,SOLTEIRO,25 a 29 anos,ENSINO FUNDAMENTAL INCOMPLETO
PEJUÇARA_17,PEJUÇARA,17,FEMININO,CASADO,55 a 59 anos,ENSINO FUNDAMENTAL INCOMPLETO
PELOTAS_164,PELOTAS,164,FEMININO,SOLTEIRO,35 a 39 anos,ENSINO FUNDAMENTAL INCOMPLETO
PELOTAS_34,PELOTAS,34,FEMININO,SOLTEIRO,35 a 39 anos,SUPERIOR COMPLETO
PELOTAS_60,PELOTAS,60,FEMININO,SOLTEIRO,25 a 29 anos,ENSINO FUNDAMENTAL INCOMPLETO
PICADA CAFÉ_129,PICADA CAFÉ,129,FEMININO,CASADO,55 a 59 anos,ENSINO FUNDAMENTAL INCOMPLETO
PINHAL DA SERRA_58,PINHAL DA SERRA,58,MASCULINO,SOLTEIRO,60 a 64 anos,ENSINO FUNDAMENTAL INCOMPLETO
PINHAL GRANDE_27,PINHAL GRANDE,27,MASCULINO,SOLTEIRO,25 a 29 anos,ENSINO FUNDAMENTAL INCOMPLETO
PINHAL_64,PINHAL,64,FEMININO,CASADO,50 a 54 anos,ENSINO FUNDAMENTAL INCOMPLETO
PINHEIRINHO DO VALE_94,PINHEIRINHO DO VALE,94,MASCULINO,CASADO,25 a 29 anos,ENSINO FUNDAMENTAL INCOMPLETO
PINHEIRO MACHADO_35,PINHEIRO MACHADO,35,FEMININO,SOLTEIRO,55 a 59 anos,ENSINO FUNDAMENTAL INCOMPLETO
PINTO BANDEIRA_8,PINTO BANDEIRA,8,MASCULINO,CASADO,35 a 39 anos,ENSINO FUNDAMENTAL INCOMPLETO
PIRAPÓ_52,PIRAPÓ,52,MASCULINO,SOLTEIRO,55 a 59 anos,ENSINO FUNDAMENTAL INCOMPLETO
PIRATINI_78,PIRATINI,78,MASCULINO,SOLTEIRO,50 a 54 anos,ENSINO FUNDAMENTAL INCOMPLETO
PLANALTO_144,PLANALTO,144,FEMININO,CASADO,55 a 59 anos,ENSINO FUNDAMENTAL INCOMPLETO
PONTE PRETA_148,PONTE PRETA,148,MASCULINO,CASADO,25 a 29 anos,ENSINO FUNDAMENTAL INCOMPLETO
PONTÃO_33,PONTÃO,33,MASCULINO,SOLTEIRO,25 a 29 anos,ENSINO FUNDAMENTAL INCOMPLETO
PORTO ALEGRE_1,PORTO ALEGRE,1,FEMININO,SOLTEIRO,55 a 59 anos,SUPERIOR COMPLETO
PORTO ALEGRE_111,PORTO ALEGRE,111,FEMININO,SOLTEIRO,35 a 39 anos,SUPERIOR COMPLETO
PORTO ALEGRE_112,PORTO ALEGRE,112,FEMININO,SOLTEIRO,35 a 39 anos,ENSINO MÉDIO COMPLETO
PORTO ALEGRE_113,PORTO ALEGRE,113,FEMININO,SOLTEIRO,40 a 44 anos,ENSINO MÉDIO COMPLETO
PORTO ALEGRE_114,PORTO ALEGRE,114,FEMININO,SOLTEIRO,35 a 39 anos,ENSINO FUNDAMENTAL INCOMPLETO
PORTO ALEGRE_158,PORTO ALEGRE,158,FEMININO,SOLTEIRO,25 a 29 anos,ENSINO FUNDAMENTAL INCOMPLETO
PORTO ALEGRE_159,PORTO ALEGRE,159,FEMININO,SOLTEIRO,30 a 34 anos,ENSINO FUNDAMENTAL INCOMPLETO
PORTO ALEGRE_160,PORTO ALEGRE,160,FEMININO,SOLTEIRO,35 a 39 anos,ENSINO MÉDIO COMPLETO
PORTO ALEGRE_161,PORTO ALEGRE,161,FEMININO,SOLTEIRO,25 a 29 anos,ENSINO FUNDAMENTAL INCOMPLETO
PORTO ALEGRE_2,PORTO ALEGRE,2,FEMININO,SOLTEIRO,35 a 39 anos,SUPERIOR COMPLETO
PORTO LUCENA_102,PORTO LUCENA,102,FEMININO,CASADO,55 a 59 anos,ENSINO FUNDAMENTAL INCOMPLETO
PORTO MAUÁ_42,PORTO MAUÁ,42,FEMININO,SOLTEIRO,55 a 59 anos,ENSINO FUNDAMENTAL INCOMPLETO
PORTO VERA CRUZ_102,PORTO VERA CRUZ,102,MASCULINO,SOLTEIRO,50 a 54 anos,ENSINO FUNDAMENTAL INCOMPLETO
PORTO XAVIER_96,PORTO XAVIER,96,FEMININO,SOLTEIRO,45 a 49 anos,ENSINO FUNDAMENTAL INCOMPLETO
PORTÃO_11,PORTÃO,11,FEMININO,SOLTEIRO,35 a 39 anos,ENSINO FUNDAMENTAL INCOMPLETO
POUSO NOVO_104,POUSO NOVO,104,MASCULINO,SOLTEIRO,30 a 34 anos,ENSINO FUNDAMENTAL INCOMPLETO
POÇO DAS ANTAS_125,POÇO DAS ANTAS,125,MASCULINO,CASADO,30 a 34 anos,ENSINO FUNDAMENTAL INCOMPLETO
PRESIDENTE LUCENA_118,PRESIDENTE LUCENA,118,MASCULINO,CASADO,30 a 34 anos,ENSINO FUNDAMENTAL INCOMPLETO
PROGRESSO_29,PROGRESSO,29,MASCULINO,CASADO,25 a 29 anos,ENSINO FUNDAMENTAL INCOMPLETO
PROTÁSIO ALVES_75,PROTÁSIO ALVES,75,MASCULINO,CASADO,50 a 54 anos,ENSINO FUNDAMENTAL INCOMPLETO
PUTINGA_145,PUTINGA,145,MASCULINO,CASADO,35 a 39 anos,ENSINO FUNDAMENTAL INCOMPLETO
QUARAÍ_36,QUARAÍ,36,FEMININO,SOLTEIRO,55 a 59 anos,ENSINO FUNDAMENTAL INCOMPLETO
QUATRO IRMÃOS_148,QUATRO IRMÃOS,148,MASCULINO,SOLTEIRO,25 a 29 anos,ENSINO FUNDAMENTAL INCOMPLETO
QUEVEDOS_81,QUEVEDOS,81,MASCULINO,CASADO,25 a 29 anos,ENSINO FUNDAMENTAL INCOMPLETO
QUINZE DE NOVEMBRO_121,QUINZE DE NOVEMBRO,121,MASCULINO,CASADO,25 a 29 anos,ENSINO FUNDAMENTAL INCOMPLETO
REDENTORA_140,REDENTORA,140,FEMININO,SOLTEIRO,25 a 29 anos,ENSINO FUNDAMENTAL INCOMPLETO
RELVADO_67,RELVADO,67,MASCULINO,CASADO,60 a 64 anos,ENSINO FUNDAMENTAL INCOMPLETO
RESTINGA SÊCA_157,RESTINGA SÊCA,157,FEMININO,SOLTEIRO,55 a 59 anos,ENSINO FUNDAMENTAL INCOMPLETO
RIO DOS ÍNDIOS_99,RIO DOS ÍNDIOS,99,MASCULINO,SOLTEIRO,60 a 64 anos,ENSINO FUNDAMENTAL INCOMPLETO
RIO GRANDE_163,RIO GRANDE,163,FEMININO,SOLTEIRO,35 a 39 anos,ENSINO FUNDAMENTAL INCOMPLETO
RIO GRANDE_37,RIO GRANDE,37,FEMININO,SOLTEIRO,35 a 39 anos,ENSINO FUNDAMENTAL INCOMPLETO
RIO PARDO_38,RIO PARDO,38,FEMININO,SOLTEIRO,25 a 29 anos,ENSINO FUNDAMENTAL INCOMPLETO
RIOZINHO_55,RIOZINHO,55,MASCULINO,SOLTEIRO,25 a 29 anos,ENSINO FUNDAMENTAL INCOMPLETO
ROCA SALES_67,ROCA SALES,67,FEMININO,SOLTEIRO,35 a 39 anos,ENSINO FUNDAMENTAL INCOMPLETO
RODEIO BONITO_64,RODEIO BONITO,64,FEMININO,CASADO,35 a 39 anos,ENSINO FUNDAMENTAL INCOMPLETO
ROLADOR_52,ROLADOR,52,MASCULINO,CASADO,55 a 59 anos,ENSINO FUNDAMENTAL INCOMPLETO
ROLANTE_55,ROLANTE,55,FEMININO,SOLTEIRO,25 a 29 anos,ENSINO FUNDAMENTAL INCOMPLETO
RONDA ALTA_146,RONDA ALTA,146,FEMININO,SOLTEIRO,25 a 29 anos,ENSINO FUNDAMENTAL INCOMPLETO
RONDINHA_83,RONDINHA,83,FEMININO,CASADO,55 a 59 anos,ENSINO FUNDAMENTAL INCOMPLETO
ROQUE GONZALES_96,ROQUE GONZALES,96,FEMININO,SOLTEIRO,50 a 54 anos,ENSINO FUNDAMENTAL INCOMPLETO
ROSÁRIO DO SUL_39,ROSÁRIO DO SUL,39,FEMININO,SOLTEIRO,25 a 29 anos,ENSINO FUNDAMENTAL INCOMPLETO
SAGRADA FAMÍLIA_32,SAGRADA FAMÍLIA,32,MASCULINO,CASADO,25 a 29 anos,ENSINO FUNDAMENTAL INCOMPLETO
SALDANHA MARINHO_115,SALDANHA MARINHO,115,FEMININO,CASADO,50 a 54 anos,ENSINO FUNDAMENTAL INCOMPLETO
SALTO DO JACUÍ_154,SALTO DO JACUÍ,154,FEMININO,SOLTEIRO,50 a 54 anos,ENSINO FUNDAMENTAL INCOMPLETO
SALVADOR DAS MISSÕES_96,SALVADOR DAS MISSÕES,96,MASCULINO,SOLTEIRO,55 a 59 anos,ENSINO FUNDAMENTAL INCOMPLETO
SALVADOR DO SUL_152,SALVADOR DO SUL,152,MASCULINO,SOLTEIRO,35 a 39 anos,ENSINO FUNDAMENTAL INCOMPLETO
SANANDUVA_95,SANANDUVA,95,FEMININO,CASADO,55 a 59 anos,ENSINO FUNDAMENTAL INCOMPLETO
SANT'ANA DO LIVRAMENTO_30,SANT'ANA DO LIVRAMENTO,30,FEMININO,SOLTEIRO,25 a 29 anos,ENSINO FUNDAMENTAL INCOMPLETO
SANTA BÁRBARA DO SUL_115,SANTA BÁRBARA DO SUL,115,FEMININO,CASADO,55 a 59 anos,ENSINO FUNDAMENTAL INCOMPLETO
SANTA CECÍLIA DO SUL_100,SANTA CECÍLIA DO SUL,100,MASCULINO,CASADO,25 a 29 anos,ENSINO FUNDAMENTAL INCOMPLETO
SANTA CLARA DO SUL_29,SANTA CLARA DO SUL,29,MASCULINO,SOLTEIRO,35 a 39 anos,ENSINO FUNDAMENTAL INCOMPLETO
SANTA CRUZ DO SUL_162,SANTA CRUZ DO SUL,162,FEMININO,SOLTEIRO,35 a 39 anos,ENSINO FUNDAMENTAL INCOMPLETO
SANTA CRUZ DO SUL_40,SANTA CRUZ DO SUL,40,FEMININO,SOLTEIRO,35 a 39 anos,ENSINO FUNDAMENTAL INCOMPLETO
SANTA MARGARIDA DO SUL_49,SANTA MARGARIDA DO SUL,49,MASCULINO,SOLTEIRO,55 a 59 anos,ENSINO FUNDAMENTAL INCOMPLETO
SANTA MARIA DO HERVAL_153,SANTA MARIA DO HERVAL,153,MASCULINO,CASADO,40 a 44 anos,ENSINO FUNDAMENTAL INCOMPLETO
SANTA MARIA_135,SANTA MARIA,135,FEMININO,SOLTEIRO,35 a 39 anos,ENSINO MÉDIO COMPLETO
SANTA MARIA_41,SANTA MARIA,41,FEMININO,SOLTEIRO,25 a 29 anos,ENSINO FUNDAMENTAL INCOMPLETO
SANTA ROSA_42,SANTA ROSA,42,FEMININO,SOLTEIRO,35 a 39 anos,ENSINO FUNDAMENTAL INCOMPLETO
SANTA TEREZA_8,SANTA TEREZA,8,MASCULINO,CASADO,60 a 64 anos,ENSINO FUNDAMENTAL INCOMPLETO
SANTA VITÓRIA DO PALMAR_43,SANTA VITÓRIA DO PALMAR,43,FEMININO,SOLTEIRO,35 a 39 anos,ENSINO FUNDAMENTAL INCOMPLETO
SANTANA DA BOA VISTA_9,SANTANA DA BOA VISTA,9,MASCULINO,SOLTEIRO,50 a 54 anos,ENSINO FUNDAMENTAL INCOMPLETO
SANTIAGO_44,SANTIAGO,44,FEMININO,SOLTEIRO,25 a 29 anos,ENSINO FUNDAMENTAL INCOMPLETO
SANTO ANTÔNIO DA PATRULHA_46,SANTO ANTÔNIO DA PATRULHA,46,FEMININO,SOLTEIRO,35 a 39 anos,ENSINO FUNDAMENTAL INCOMPLETO
SANTO ANTÔNIO DAS MISSÕES_141,SANTO ANTÔNIO DAS MISSÕES,141,FEMININO,SOLTEIRO,55 a 59 anos,ENSINO FUNDAMENTAL INCOMPLETO
SANTO ANTÔNIO DO PALMA_138,SANTO ANTÔNIO DO PALMA,138,MASCULINO,CASADO,50 a 54 anos,ENSINO FUNDAMENTAL INCOMPLETO
SANTO ANTÔNIO DO PLANALTO_15,SANTO ANTÔNIO DO PLANALTO,15,FEMININO,SOLTEIRO,35 a 39 anos,ENSINO FUNDAMENTAL INCOMPLETO
SANTO AUGUSTO_107,SANTO AUGUSTO,107,FEMININO,CASADO,25 a 29 anos,ENSINO FUNDAMENTAL INCOMPLETO
SANTO CRISTO_102,SANTO CRISTO,102,FEMININO,CASADO,55 a 59 anos,ENSINO FUNDAMENTAL INCOMPLETO
SANTO EXPEDITO DO SUL_103,SANTO EXPEDITO DO SUL,103,MASCULINO,CASADO,50 a 54 anos,ENSINO FUNDAMENTAL INCOMPLETO
SANTO ÂNGELO_45,SANTO ÂNGELO,45,FEMININO,SOLTEIRO,25 a 29 anos,ENSINO FUNDAMENTAL INCOMPLETO
SAPIRANGA_131,SAPIRANGA,131,FEMININO,SOLTEIRO,35 a 39 anos,ENSINO FUNDAMENTAL INCOMPLETO
SAPUCAIA DO SUL_108,SAPUCAIA DO SUL,108,FEMININO,SOLTEIRO,35 a 39 anos,ENSINO FUNDAMENTAL INCOMPLETO
SARANDI_83,SARANDI,83,FEMININO,SOLTEIRO,35 a 39 anos,ENSINO FUNDAMENTAL INCOMPLETO
SEBERI_132,SEBERI,132,FEMININO,SOLTEIRO,35 a 39 anos,ENSINO FUNDAMENTAL INCOMPLETO
SEDE NOVA_91,SEDE NOVA,91,MASCULINO,CASADO,55 a 59 anos,ENSINO FUNDAMENTAL INCOMPLETO
SEGREDO_53,SEGREDO,53,MASCULINO,CASADO,25 a 29 anos,ENSINO FUNDAMENTAL INCOMPLETO
SELBACH_4,SELBACH,4,FEMININO,CASADO,55 a 59 anos,ENSINO FUNDAMENTAL INCOMPLETO
SENADOR SALGADO FILHO_127,SENADOR SALGADO FILHO,127,FEMININO,CASADO,55 a 59 anos,ENSINO FUNDAMENTAL INCOMPLETO
SENTINELA DO SUL_84,SENTINELA DO SUL,84,MASCULINO,SOLTEIRO,55 a 59 anos,ENSINO FUNDAMENTAL INCOMPLETO
SERAFINA CORRÊA_22,SERAFINA CORRÊA,22,FEMININO,SOLTEIRO,35 a 39 anos,ENSINO FUNDAMENTAL INCOMPLETO
SERTÃO SANTANA_151,SERTÃO SANTANA,151,MASCULINO,SOLTEIRO,25 a 29 anos,ENSINO FUNDAMENTAL INCOMPLETO
SERTÃO_70,SERTÃO,70,FEMININO,CASADO,55 a 59 anos,ENSINO FUNDAMENTAL INCOMPLETO
SETE DE SETEMBRO_96,SETE DE SETEMBRO,96,MASCULINO,CASADO,55 a 59 anos,ENSINO FUNDAMENTAL INCOMPLETO
SEVERIANO DE ALMEIDA_20,SEVERIANO DE ALMEIDA,20,MASCULINO,CASADO,55 a 59 anos,ENSINO FUNDAMENTAL INCOMPLETO
SILVEIRA MARTINS_41,SILVEIRA MARTINS,41,MASCULINO,CASADO,55 a 59 anos,ENSINO FUNDAMENTAL INCOMPLETO
SINIMBU_40,SINIMBU,40,MASCULINO,CASADO,35 a 39 anos,ENSINO FUNDAMENTAL INCOMPLETO
SOBRADINHO_53,SOBRADINHO,53,FEMININO,SOLTEIRO,35 a 39 anos,ENSINO FUNDAMENTAL INCOMPLETO
SOLEDADE_54,SOLEDADE,54,FEMININO,SOLTEIRO,25 a 29 anos,ENSINO FUNDAMENTAL INCOMPLETO
SÃO BORJA_47,SÃO BORJA,47,FEMININO,SOLTEIRO,25 a 29 anos,ENSINO FUNDAMENTAL INCOMPLETO
SÃO DOMINGOS DO SUL_138,SÃO DOMINGOS DO SUL,138,FEMININO,CASADO,25 a 29 anos,ENSINO FUNDAMENTAL INCOMPLETO
SÃO FRANCISCO DE ASSIS_79,SÃO FRANCISCO DE ASSIS,79,FEMININO,SOLTEIRO,55 a 59 anos,ENSINO FUNDAMENTAL INCOMPLETO
SÃO FRANCISCO DE PAULA_48,SÃO FRANCISCO DE PAULA,48,FEMININO,SOLTEIRO,25 a 29 anos,ENSINO FUNDAMENTAL INCOMPLETO
SÃO GABRIEL_49,SÃO GABRIEL,49,FEMININO,SOLTEIRO,25 a 29 anos,ENSINO FUNDAMENTAL INCOMPLETO
SÃO JERÔNIMO_50,SÃO JERÔNIMO,50,FEMININO,SOLTEIRO,35 a 39 anos,ENSINO FUNDAMENTAL INCOMPLETO
SÃO JORGE_75,SÃO JORGE,75,FEMININO,CASADO,55 a 59 anos,ENSINO FUNDAMENTAL INCOMPLETO
SÃO JOSÉ DAS MISSÕES_32,SÃO JOSÉ DAS MISSÕES,32,MASCULINO,CASADO,60 a 64 anos,ENSINO FUNDAMENTAL INCOMPLETO
SÃO JOSÉ DO HERVAL_54,SÃO JOSÉ DO HERVAL,54,MASCULINO,SOLTEIRO,25 a 29 anos,ENSINO FUNDAMENTAL INCOMPLETO
SÃO JOSÉ DO HORTÊNCIO_11,SÃO JOSÉ DO HORTÊNCIO,11,MASCULINO,CASADO,50 a 54 anos,ENSINO FUNDAMENTAL INCOMPLETO
SÃO JOSÉ DO INHACORÁ_89,SÃO JOSÉ DO INHACORÁ,89,MASCULINO,CASADO,30 a 34 anos,ENSINO FUNDAMENTAL INCOMPLETO
SÃO JOSÉ DO NORTE_130,SÃO JOSÉ DO NORTE,130,MASCULINO,SOLTEIRO,25 a 29 anos,ENSINO FUNDAMENTAL INCOMPLETO
SÃO JOSÉ DO OURO_103,SÃO JOSÉ DO OURO,103,FEMININO,CASADO,55 a 59 anos,ENSINO FUNDAMENTAL INCOMPLETO
SÃO JOSÉ DO SUL_31,SÃO JOSÉ DO SUL,31,MASCULINO,CASADO,55 a 59 anos,ENSINO FUNDAMENTAL INCOMPLETO
SÃO JOSÉ DOS AUSENTES_63,SÃO JOSÉ DOS AUSENTES,63,MASCULINO,SOLTEIRO,25 a 29 anos,ENSINO FUNDAMENTAL INCOMPLETO
SÃO JOÃO DA URTIGA_95,SÃO JOÃO DA URTIGA,95,MASCULINO,CASADO,25 a 29 anos,ENSINO FUNDAMENTAL INCOMPLETO
SÃO JOÃO DO POLÊSINE_119,SÃO JOÃO DO POLÊSINE,119,FEMININO,SOLTEIRO,55 a 59 anos,ENSINO FUNDAMENTAL INCOMPLETO
SÃO LEOPOLDO_51,SÃO LEOPOLDO,51,FEMININO,SOLTEIRO,35 a 39 anos,ENSINO FUNDAMENTAL INCOMPLETO
SÃO LEOPOLDO_73,SÃO LEOPOLDO,73,FEMININO,SOLTEIRO,35 a 39 anos,ENSINO FUNDAMENTAL INCOMPLETO
SÃO LOURENÇO DO SUL_80,SÃO LOURENÇO DO SUL,80,FEMININO,CASADO,35 a 39 anos,ENSINO FUNDAMENTAL INCOMPLETO
SÃO LUIZ GONZAGA_52,SÃO LUIZ GONZAGA,52,FEMININO,SOLTEIRO,25 a 29 anos,ENSINO FUNDAMENTAL INCOMPLETO
SÃO MARCOS_137,SÃO MARCOS,137,FEMININO,SOLTEIRO,55 a 59 anos,ENSINO FUNDAMENTAL INCOMPLETO
SÃO MARTINHO DA SERRA_41,SÃO MARTINHO DA SERRA,41,MASCULINO,CASADO,55 a 59 anos,ENSINO FUNDAMENTAL INCOMPLETO
SÃO MARTINHO_107,SÃO MARTINHO,107,FEMININO,CASADO,55 a 59 anos,ENSINO FUNDAMENTAL INCOMPLETO
SÃO MIGUEL DAS MISSÕES_45,SÃO MIGUEL DAS MISSÕES,45,MASCULINO,CASADO,50 a 54 anos,ENSINO FUNDAMENTAL INCOMPLETO
SÃO NICOLAU_52,SÃO NICOLAU,52,FEMININO,SOLTEIRO,55 a 59 anos,ENSINO FUNDAMENTAL INCOMPLETO
SÃO PAULO DAS MISSÕES_166,SÃO PAULO DAS MISSÕES,166,MASCULINO,CASADO,60 a 64 anos,ENSINO FUNDAMENTAL INCOMPLETO
SÃO PEDRO DA SERRA_152,SÃO PEDRO DA SERRA,152,MASCULINO,SOLTEIRO,30 a 34 anos,ENSINO FUNDAMENTAL INCOMPLETO
SÃO PEDRO DAS MISSÕES_32,SÃO PEDRO DAS MISSÕES,32,MASCULINO,CASADO,55 a 59 anos,ENSINO FUNDAMENTAL INCOMPLETO
SÃO PEDRO DO BUTIÁ_96,SÃO PEDRO DO BUTIÁ,96,MASCULINO,SOLTEIRO,55 a 59 anos,ENSINO FUNDAMENTAL INCOMPLETO
SÃO PEDRO DO SUL_81,SÃO PEDRO DO SUL,81,FEMININO,SOLTEIRO,55 a 59 anos,ENSINO FUNDAMENTAL INCOMPLETO
SÃO SEBASTIÃO DO CAÍ_11,SÃO SEBASTIÃO DO CAÍ,11,FEMININO,SOLTEIRO,35 a 39 anos,ENSINO FUNDAMENTAL INCOMPLETO
SÃO SEPÉ_82,SÃO SEPÉ,82,FEMININO,SOLTEIRO,55 a 59 anos,ENSINO FUNDAMENTAL INCOMPLETO
SÃO VALENTIM DO SUL_22,SÃO VALENTIM DO SUL,22,MASCULINO,CASADO,55 a 59 anos,ENSINO FUNDAMENTAL INCOMPLETO
SÃO VALENTIM_168,SÃO VALENTIM,168,MASCULINO,CASADO,55 a 59 anos,ENSINO FUNDAMENTAL INCOMPLETO
SÃO VALÉRIO DO SUL_107,SÃO VALÉRIO DO SUL,107,MASCULINO,SOLTEIRO,30 a 34 anos,ENSINO FUNDAMENTAL INCOMPLETO
SÃO VENDELINO_165,SÃO VENDELINO,165,MASCULINO,SOLTEIRO,25 a 29 anos,ENSINO FUNDAMENTAL INCOMPLETO
SÃO VICENTE DO SUL_69,SÃO VICENTE DO SUL,69,FEMININO,SOLTEIRO,25 a 29 anos,ENSINO FUNDAMENTAL INCOMPLETO
SÉRIO_29,SÉRIO,29,MASCULINO,CASADO,55 a 59 anos,ENSINO FUNDAMENTAL INCOMPLETO
TABAÍ_56,TABAÍ,56,MASCULINO,SOLTEIRO,40 a 44 anos,ENSINO FUNDAMENTAL INCOMPLETO
TAPEJARA_100,TAPEJARA,100,FEMININO,SOLTEIRO,30 a 34 anos,ENSINO FUNDAMENTAL INCOMPLETO
TAPERA_4,TAPERA,4,FEMININO,SOLTEIRO,55 a 59 anos,ENSINO FUNDAMENTAL INCOMPLETO
TAPES_84,TAPES,84,FEMININO,SOLTEIRO,55 a 59 anos,ENSINO FUNDAMENTAL INCOMPLETO
TAQUARA_55,TAQUARA,55,FEMININO,SOLTEIRO,35 a 39 anos,ENSINO FUNDAMENTAL INCOMPLETO
TAQUARI_56,TAQUARI,56,FEMININO,SOLTEIRO,35 a 39 anos,ENSINO FUNDAMENTAL INCOMPLETO
TAQUARUÇU DO SUL_94,TAQUARUÇU DO SUL,94,MASCULINO,CASADO,25 a 29 anos,ENSINO FUNDAMENTAL INCOMPLETO
TAVARES_122,TAVARES,122,MASCULINO,SOLTEIRO,50 a 54 anos,ENSINO FUNDAMENTAL INCOMPLETO
TENENTE PORTELA_101,TENENTE PORTELA,101,FEMININO,SOLTEIRO,25 a 29 anos,ENSINO FUNDAMENTAL INCOMPLETO
TERRA DE AREIA_77,TERRA DE AREIA,77,FEMININO,SOLTEIRO,35 a 39 anos,ENSINO FUNDAMENTAL INCOMPLETO
TEUTÔNIA_125,TEUTÔNIA,125,FEMININO,SOLTEIRO,35 a 39 anos,ENSINO FUNDAMENTAL INCOMPLETO
TIO HUGO_117,TIO HUGO,117,FEMININO,SOLTEIRO,35 a 39 anos,ENSINO FUNDAMENTAL INCOMPLETO
TIRADENTES DO SUL_86,TIRADENTES DO SUL,86,MASCULINO,CASADO,65 a 69 anos,ENSINO FUNDAMENTAL INCOMPLETO
TOROPI_81,TOROPI,81,MASCULINO,CASADO,45 a 49 anos,ENSINO FUNDAMENTAL INCOMPLETO
TORRES_85,TORRES,85,FEMININO,SOLTEIRO,35 a 39 anos,ENSINO FUNDAMENTAL INCOMPLETO
TRAMANDAÍ_110,TRAMANDAÍ,110,FEMININO,SOLTEIRO,35 a 39 anos,ENSINO FUNDAMENTAL INCOMPLETO
TRAVESSEIRO_104,TRAVESSEIRO,104,MASCULINO,CASADO,55 a 59 anos,ENSINO FUNDAMENTAL INCOMPLETO
TRINDADE DO SUL_99,TRINDADE DO SUL,99,MASCULINO,SOLTEIRO,30 a 34 anos,ENSINO FUNDAMENTAL INCOMPLETO
TRIUNFO_133,TRIUNFO,133,FEMININO,SOLTEIRO,25 a 29 anos,ENSINO FUNDAMENTAL INCOMPLETO
TRÊS ARROIOS_20,TRÊS ARROIOS,20,MASCULINO,CASADO,55 a 59 anos,ENSINO FUNDAMENTAL INCOMPLETO
TRÊS CACHOEIRAS_85,TRÊS CACHOEIRAS,85,FEMININO,CASADO,55 a 59 anos,ENSINO FUNDAMENTAL INCOMPLETO
TRÊS COROAS_149,TRÊS COROAS,149,FEMININO,SOLTEIRO,35 a 39 anos,ENSINO FUNDAMENTAL INCOMPLETO
TRÊS DE MAIO_89,TRÊS DE MAIO,89,FEMININO,SOLTEIRO,25 a 29 anos,ENSINO FUNDAMENTAL INCOMPLETO
TRÊS FORQUILHAS_85,TRÊS FORQUILHAS,85,MASCULINO,SOLTEIRO,50 a 54 anos,ENSINO FUNDAMENTAL INCOMPLETO
TRÊS PALMEIRAS_99,TRÊS PALMEIRAS,99,MASCULINO,SOLTEIRO,35 a 39 anos,ENSINO FUNDAMENTAL INCOMPLETO
TRÊS PASSOS_86,TRÊS PASSOS,86,FEMININO,CASADO,55 a 59 anos,ENSINO FUNDAMENTAL INCOMPLETO
TUCUNDUVA_120,TUCUNDUVA,120,FEMININO,CASADO,55 a 59 anos,ENSINO FUNDAMENTAL INCOMPLETO
TUNAS_154,TUNAS,154,MASCULINO,SOLTEIRO,35 a 39 anos,ENSINO FUNDAMENTAL INCOMPLETO
TUPANCI DO SUL_103,TUPANCI DO SUL,103,MASCULINO,CASADO,55 a 59 anos,ENSINO FUNDAMENTAL INCOMPLETO
TUPANCIRETÃ_87,TUPANCIRETÃ,87,FEMININO,SOLTEIRO,35 a 39 anos,ENSINO FUNDAMENTAL INCOMPLETO
TUPANDI_11,TUPANDI,11,MASCULINO,SOLTEIRO,35 a 39 anos,ENSINO FUNDAMENTAL INCOMPLETO
TUPARENDI_42,TUPARENDI,42,FEMININO,CASADO,55 a 59 anos,ENSINO FUNDAMENTAL INCOMPLETO
TURUÇU_60,TURUÇU,60,FEMININO,CASADO,45 a 49 anos,ENSINO FUNDAMENTAL INCOMPLETO
UBIRETAMA_96,UBIRETAMA,96,MASCULINO,CASADO,50 a 54 anos,ENSINO FUNDAMENTAL INCOMPLETO
UNISTALDA_44,UNISTALDA,44,MASCULINO,SOLTEIRO,55 a 59 anos,ENSINO FUNDAMENTAL INCOMPLETO
UNIÃO DA SERRA_22,UNIÃO DA SERRA,22,MASCULINO,CASADO,60 a 64 anos,ENSINO FUNDAMENTAL INCOMPLETO
URUGUAIANA_57,URUGUAIANA,57,FEMININO,SOLTEIRO,25 a 29 anos,ENSINO FUNDAMENTAL INCOMPLETO
VACARIA_58,VACARIA,58,FEMININO,SOLTEIRO,25 a 29 anos,ENSINO FUNDAMENTAL INCOMPLETO
VALE DO SOL_162,VALE DO SOL,162,MASCULINO,CASADO,25 a 29 anos,ENSINO FUNDAMENTAL INCOMPLETO
VALE REAL_165,VALE REAL,165,MASCULINO,SOLTEIRO,35 a 39 anos,ENSINO FUNDAMENTAL INCOMPLETO
VALE VERDE_162,VALE VERDE,162,MASCULINO,SOLTEIRO,35 a 39 anos,ENSINO FUNDAMENTAL INCOMPLETO
VANINI_138,VANINI,138,MASCULINO,CASADO,30 a 34 anos,ENSINO FUNDAMENTAL INCOMPLETO
VENÂNCIO AIRES_93,VENÂNCIO AIRES,93,FEMININO,SOLTEIRO,35 a 39 anos,ENSINO FUNDAMENTAL INCOMPLETO
VERA CRUZ_162,VERA CRUZ,162,FEMININO,SOLTEIRO,35 a 39 anos,ENSINO FUNDAMENTAL INCOMPLETO
VERANÓPOLIS_88,VERANÓPOLIS,88,FEMININO,SOLTEIRO,35 a 39 anos,ENSINO FUNDAMENTAL INCOMPLETO
VESPASIANO CORRÊA_67,VESPASIANO CORRÊA,67,MASCULINO,CASADO,50 a 54 anos,ENSINO FUNDAMENTAL INCOMPLETO
VIADUTOS_3,VIADUTOS,3,MASCULINO,CASADO,55 a 59 anos,ENSINO FUNDAMENTAL INCOMPLETO
VIAMÃO_59,VIAMÃO,59,FEMININO,SOLTEIRO,25 a 29 anos,ENSINO MÉDIO COMPLETO
VIAMÃO_72,VIAMÃO,72,FEMININO,SOLTEIRO,25 a 29 anos,ENSINO MÉDIO COMPLETO
VICENTE DUTRA_94,VICENTE DUTRA,94,MASCULINO,CASADO,35 a 39 anos,ENSINO FUNDAMENTAL INCOMPLETO
VICTOR GRAEFF_117,VICTOR GRAEFF,117,FEMININO,CASADO,50 a 54 anos,ENSINO FUNDAMENTAL INCOMPLETO
VILA FLORES_88,VILA FLORES,88,MASCULINO,CASADO,30 a 34 anos,ENSINO FUNDAMENTAL INCOMPLETO
VILA LÂNGARO_100,VILA LÂNGARO,100,MASCULINO,CASADO,50 a 54 anos,ENSINO FUNDAMENTAL INCOMPLETO
VILA MARIA_62,VILA MARIA,62,FEMININO,CASADO,30 a 34 anos,ENSINO FUNDAMENTAL INCOMPLETO
VILA NOVA DO SUL_82,VILA NOVA DO SUL,82,FEMININO,SOLTEIRO,50 a 54 anos,ENSINO FUNDAMENTAL INCOMPLETO
VISTA ALEGRE DO PRATA_75,VISTA ALEGRE DO PRATA,75,MASCULINO,CASADO,55 a 59 anos,ENSINO FUNDAMENTAL INCOMPLETO
VISTA ALEGRE_94,VISTA ALEGRE,94,MASCULINO,SOLTEIRO,25 a 29 anos,ENSINO FUNDAMENTAL INCOMPLETO
VISTA GAÚCHA_101,VISTA GAÚCHA,101,MASCULINO,CASADO,55 a 59 anos,ENSINO FUNDAMENTAL INCOMPLETO
VITÓRIA DAS MISSÕES_45,VITÓRIA DAS MISSÕES,45,MASCULINO,CASADO,55 a 59 anos,ENSINO FUNDAMENTAL INCOMPLETO
WESTFALIA_125,WESTFALIA,125,MASCULINO,CASADO,35 a 39 anos,ENSINO FUNDAMENTAL INCOMPLETO
XANGRI-LÁ_150,XANGRI-LÁ,150,FEMININO,SOLTEIRO,25 a 29 anos,ENSINO FUNDAMENTAL INCOMPLETO
ÁGUA SANTA_100,ÁGUA SANTA,100,MASCULINO,CASADO,30 a 34 anos,ENSINO FUNDAMENTAL INCOMPLETO
ÁUREA_3,ÁUREA,3,MASCULINO,CASADO,55 a 59 anos,ENSINO FUNDAMENTAL INCOMPLETO
